Provider Org. ,Unique ID
Danish Refugee Council [DK-CVR-20699310],CH-FDJP-f7f0b51e-7432-4c0c-a6c0-7df1101d7983-FH-projet Covid H2H
Danish Refugee Council [DK-CVR-20699310],AT-UID-U74408937-H2H_COV_expense_2020
Danish Refugee Council,GB-CHC-1065972-DF184
[Danish Refugee Council (DRC)],GB-COH-213890-82603693
Danish Refugee Council [DK-CVR-20699310],NP-CRO-45995-063-064-TEST20210902-28
Save the Children UK [GB-COH-213890],GB-CHC-292506-GB722
Save the Children UK [GB-COH-213890],GB-COH-06368740-P0007
Save the Children UK [GB-COH-213890],GB-CHC-1128267-8-UGA077
Save the Children UK [GB-COH-213890],GB-CHC-1065972-DF218
Save the Children UK [GB-COH-213890],GB-CHC-1065972-EX119
Rutgers [NL-KVK-41193594],NL-KVK-41207989-P-7401-SAN 345
Rutgers [NL-KVK-41193594],NL-KVK-34197379-28432-GUSO
Rutgers [NL-KVK-41193594],NL-KVK-34197379-RHRN-dance4life
Rutgers [NL-KVK-41193594],GB-CHC-229476-GUSOflex
Rutgers [NL-KVK-41193594],GB-CHC-229476-GUSO-ippfglobal
Rutgers [NL-KVK-41193594],NL-KVK-40594571-GUSO
Rutgers [NL-KVK-41193594],NL-KVK-40594571-GUSO-FlexF
United States Agency for International Development (USAID) [US-GOV-1],CH-FDJP-CHE110141200-16
United States Agency for International Development (USAID) [US-GOV-1],CH-FDJP-CHE110141200-21
United States [XM-DAC-302],XM-DAC-41301-681302
United States,XM-DAC-21016-2017-AFRICA-UG
United States,XM-DAC-21016-2018-AFRICA-UG
United States,XM-DAC-21016-2019-AFRICA-UG
United States,XM-DAC-21016-2020-AFRICA-UG
United States [US-USAGOV],XM-DAC-41302-104298-1277-2015-UGA152
United States [US-USAGOV],XM-DAC-41302-104298-1277-2016-UGA152
United States [US-USAGOV],XM-DAC-41302-104298-1277-2017-UGA152
United States [US-USAGOV],XM-DAC-41302-104298-1277-2018-UGA152
United States [US-USAGOV],XM-DAC-41302-104298-1277-2019-UGA152
United States Agency for International Development (USAID) [US-GOV-1],GB-CHC-1099776-R4
United States Agency for International Development (USAID) [US-GOV-1],GB-CHC-228248-P0744
United States Agency for International Development (USAID) [US-GOV-1],GB-CHC-1127488-UG
United States Agency for International Development (USAID) [US-GOV-1],GB-CHC-1043843-USAID_I004
United States [US-USAGOV],XI-IATI-UNPF-MPTF00006
"UNITED STATES of AMERICA, Government of",XI-IATI-UNPF-XM-OCHA-CERF
"UNITED STATES of AMERICA, Government of [US-1]",XI-IATI-UNPF-XM-OCHA-CERF
United States Fund for UNICEF ,XM-DAC-41122-Uganda-4380/A0/04/105/001
United States Fund for UNICEF ,XM-DAC-41122-Uganda-4380/A0/04/105/002
United States Fund for UNICEF ,XM-DAC-41122-Uganda-4380/A0/04/105/003
United States Fund for UNICEF ,XM-DAC-41122-Uganda-4380/A0/04/106/003
United States Fund for UNICEF ,XM-DAC-41122-Uganda-4380/A0/04/108/001
United States Fund for UNICEF ,XM-DAC-41122-Uganda-4380/A0/04/108/002
United States Fund for UNICEF ,XM-DAC-41122-Uganda-4380/A0/04/108/003
United States Fund for UNICEF ,XM-DAC-41122-Uganda-4380/A0/04/800/002
United States Fund for UNICEF ,XM-DAC-41122-Uganda-4380/A0/05/111/001
United States Fund for UNICEF ,XM-DAC-41122-Uganda-4380/A0/05/111/003
United States Fund for UNICEF ,XM-DAC-41122-Uganda-4380/A0/05/112/001
United States Fund for UNICEF ,XM-DAC-41122-Uganda-4380/A0/05/112/002
United States Fund for UNICEF ,XM-DAC-41122-Uganda-4380/A0/05/112/003
United States Fund for UNICEF ,XM-DAC-41122-Uganda-4380/A0/05/114/003
United States Fund for UNICEF ,XM-DAC-41122-Uganda-4380/A0/05/115/001
United States Fund for UNICEF ,XM-DAC-41122-Uganda-4380/A0/05/115/002
United States Fund for UNICEF ,XM-DAC-41122-Uganda-4380/A0/05/115/003
United States Fund for UNICEF ,XM-DAC-41122-Uganda-4380/A0/05/115/004
United States Fund for UNICEF ,XM-DAC-41122-Uganda-4380/A0/05/880/003
United States Fund for UNICEF ,XM-DAC-41122-Uganda-4380/A0/05/880/004
United States Fund for UNICEF ,XM-DAC-41122-Uganda-4380/A0/05/880/005
United States Fund for UNICEF ,XM-DAC-41122-Uganda-4380/A0/06/211/001
United States Fund for UNICEF ,XM-DAC-41122-Uganda-4380/A0/06/211/002
United States Fund for UNICEF ,XM-DAC-41122-Uganda-4380/A0/06/211/003
United States Fund for UNICEF ,XM-DAC-41122-Uganda-4380/A0/06/212/001
United States Fund for UNICEF ,XM-DAC-41122-Uganda-4380/A0/06/212/002
United States Fund for UNICEF ,XM-DAC-41122-Uganda-4380/A0/06/212/003
United States Fund for UNICEF ,XM-DAC-41122-Uganda-4380/A0/06/880/001
United States Fund for UNICEF ,XM-DAC-41122-Uganda-4380/A0/06/880/006
United States Fund for UNICEF ,XM-DAC-41122-Uganda-4380/A0/06/880/007
United States Fund for UNICEF ,XM-DAC-41122-Uganda-4380/A0/06/880/008
United States Agency for International Development (USAID) ,XM-DAC-928-UG-2016-17-01.002.AF01.UGA01
United States Agency for International Development (USAID) ,XM-DAC-928-UG-2016-17-01.003.AF01.UGA01
United States Agency for International Development (USAID) ,XM-DAC-928-UG-2016-17-01.004.AF01.UGA01
United States Agency for International Development (USAID) ,XM-DAC-928-UG-2016-17-05.005.AF01.UGA01
United States Agency for International Development (USAID) ,XM-DAC-928-UG-2018-19-01.002.AF01.UGA02
United States Agency for International Development (USAID) ,XM-DAC-928-UG-2018-19-01.003.AF01.UGA02
United States Agency for International Development (USAID) ,XM-DAC-928-UG-2018-19-10.001.AF01.UGA01
United States Agency for International Development (USAID) ,XM-DAC-928-UG-2018-19-13.004.AF01.UGA01
United States Agency for International Development (USAID) ,XM-DAC-928-UG-2020-21-02.002.AF01.UGA02
United States Agency for International Development (USAID) ,XM-DAC-928-UG-2020-21-04.001.AF01.UGA01
Ireland - Department of Foreign Affairs and Trade [XM-DAC-21-1],XM-DAC-21016-2017-AFRICA-UG
"ITC Trust Fund Window 1 - BDF (Belgium, Canada, China, Denmark, Finland, Germany, Iceland, India, Ireland, Norway, Sweden)",XM-DAC-45001-B542
"ITC Trust Fund Window 1 (Belgium, Canada, China, Denmark, Finland, Germany, Iceland, India, Ireland, Norway, Sweden)",XM-DAC-45001-B542
Ireland - Department of Foreign Affairs and Trade [XM-DAC-21-1],GB-CHC-228248-R0500
Ireland - Department of Foreign Affairs and Trade [XM-DAC-21-1],GB-CHC-1043843-IRISHAID-UGANDA-H018
Ireland - Department of Foreign Affairs and Trade [XM-DAC-21-1],XI-IATI-UNPF-MPTF00006
Ireland - Department of Foreign Affairs and Trade [XM-DAC-21-1],XI-IATI-UNPF-MPTF00011
Ireland - Department of Foreign Affairs and Trade [XM-DAC-21-1],XI-IATI-UNPF-XM-OCHA-CERF
"IRELAND, Government of",XI-IATI-UNPF-MPTF00006
"IRELAND, Government of",XI-IATI-UNPF-XM-OCHA-CERF
"IRELAND, Government of [IE-1]",XI-IATI-UNPF-UNFPA0001
Ireland ,XM-DAC-41122-Uganda-4380/A0/04/106/001
Ireland ,XM-DAC-41122-Uganda-4380/A0/04/106/003
Ireland ,XM-DAC-41122-Uganda-4380/A0/04/108/001
Ireland ,XM-DAC-41122-Uganda-4380/A0/04/108/002
Ireland ,XM-DAC-41122-Uganda-4380/A0/04/108/003
Ireland ,XM-DAC-41122-Uganda-4380/A0/04/800/002
Ireland ,XM-DAC-41122-Uganda-4380/A0/05/112/002
Ireland ,XM-DAC-41122-Uganda-4380/A0/05/112/003
Ireland ,XM-DAC-41122-Uganda-4380/A0/05/114/003
Ireland ,XM-DAC-41122-Uganda-4380/A0/05/115/001
Ireland ,XM-DAC-41122-Uganda-4380/A0/05/115/003
Ireland ,XM-DAC-41122-Uganda-4380/A0/05/880/003
Ireland ,XM-DAC-41122-Uganda-4380/A0/05/880/004
Ireland ,XM-DAC-41122-Uganda-4380/A0/06/212/002
Ireland ,XM-DAC-41122-Uganda-4380/A0/06/212/003
Ireland ,XM-DAC-41122-Uganda-4380/A0/06/880/003
Ireland ,XM-DAC-41122-Uganda-4380/A0/06/880/004
Ireland ,XM-DAC-41122-Uganda-4380/A0/06/880/006
Ireland ,XM-DAC-41122-Uganda-4380/A0/06/880/007
Ireland ,XM-DAC-41122-Uganda-4380/A0/06/880/008
Ireland - Department of Foreign Affairs and Trade [XM-DAC-21-1],XM-DAC-41114-OUTPUT-00059539
Ireland [IRE],XM-DAC-41140-200852
Ireland [IRE],XM-DAC-41140-200894
Ireland [IRE],XM-DAC-41140-UG01.01.011.URT1
Ireland [IRE],XM-DAC-41140-UG01.01.023.SMP1
Ireland [IRE],XM-DAC-41140-UG01.03.041.SMS1
Ireland [IRE],XM-DAC-41140-UG01-DSC
International Planned Parenthood Federation [GB-CHC-229476],GB-COH-06069322-W2A1
International Planned Parenthood Federation [GB-CHC-229476],GB-CHC-1082565-20170242
International Planned Parenthood Federation [GB-CHC-229476],GB-COH-1102208-C014-E2753
International Planned Parenthood Federation [GB-CHC-229476],GB-COH-2695347-10967
International Planned Parenthood Federation [GB-CHC-229476],US-EIN-13-5660870-DF208
International Network for Advancing Science and Policy [GB-CHC-1106349],KE-KRA-P051713416W-tescea
International Network for Advancing Science and Policy [GB-CHC-1106349],KE-NCB-OP.218/051/2008/095/5572-TESCEA
International Network for Advancing Science and Policy [GB-CHC-1106349],XI-IATI-XI-GRID-grid.442626.0-TESCEA
International Network for Advancing Science and Policy [GB-CHC-1106349],KE-KRA-p051542095j-TESCEA
International Network for Advancing Science and Policy [GB-CHC-1106349],UG-RSB-80010000253134/25060-TESCEA
Bill & Melinda Gates Foundation [DAC-1601],XI-IATI-CABI-DR10069B
Bill & Melinda Gates Foundation,XM-DAC-301-2-108694-001
Bill & Melinda Gates Foundation,XM-DAC-301-2-108694-002
Bill & Melinda Gates Foundation,XM-DAC-301-2-109061-001
Bill & Melinda Gates Foundation,XM-DAC-301-2-109061-002
Bill & Melinda Gates Foundation,XM-DAC-301-2-109062-001
Bill & Melinda Gates Foundation,XM-DAC-301-2-109113-001
Bill & Melinda Gates Foundation,XM-DAC-301-2-109268-001
Bill & Melinda Gates Foundation,XM-DAC-301-2-109382-001
Bill & Melinda Gates Foundation,XM-DAC-301-2-109436-901
Bill & Melinda Gates Foundation,XM-DAC-301-2-109436-902
Bill & Melinda Gates Foundation,XM-DAC-301-2-109436-903
Bill & Melinda Gates Foundation,XM-DAC-301-2-109474-001
Bill & Melinda Gates Foundation,XM-DAC-301-2-109474-002
Bill & Melinda Gates Foundation,XM-DAC-301-2-109474-003
Bill & Melinda Gates Foundation,XM-DAC-301-2-109474-004
Bill & Melinda Gates Foundation,XM-DAC-301-2-109474-005
Bill & Melinda Gates Foundation [DAC-1601],CH-FDJP-CHE110141200-00
Bill & Melinda Gates Foundation [DAC-1601],GB-COH-05393391-GB-GOV-1-300504
Bill & Melinda Gates Foundation [DAC-1601],GB-CHC-1099776-E6
Bill & Melinda Gates Foundation [DAC-1601],GB-CHC-1099776-M4
BILL AND MELINDA GATES FOUNDATION [10012],XM-DAC-41146-UGA_D_1.3
BILL AND MELINDA GATES FOUNDATION [10012],XM-DAC-41146-UGA_D_1.4
BILL AND MELINDA GATES FOUNDATION [10012],XM-DAC-41146-UGA_D_1.5
Bill & Melinda Gates Foundation ,XM-DAC-41122-Uganda-4380/A0/04/108/003
Bill & Melinda Gates Foundation [DAC-1601],XM-DAC-41114-OUTPUT-00085278
Bill & Melinda Gates Foundation [DAC-1601],XM-DAC-41114-OUTPUT-00123560
Bill & Melinda Gates Foundation ,XM-DAC-928-UG-2016-17-01.001.AF01.UGA01
Bill & Melinda Gates Foundation ,XM-DAC-928-UG-2016-17-01.005.AF01.UGA03
Bill & Melinda Gates Foundation ,XM-DAC-928-UG-2016-17-02.006.AF01.UGA01
Bill & Melinda Gates Foundation ,XM-DAC-928-UG-2016-17-03.001.AF01.UGA01
Bill & Melinda Gates Foundation ,XM-DAC-928-UG-2016-17-03.001.AF01.UGA02
Bill & Melinda Gates Foundation ,XM-DAC-928-UG-2016-17-03.005.AF01.UGA01
Bill & Melinda Gates Foundation ,XM-DAC-928-UG-2016-17-05.005.AF01.UGA01
Bill & Melinda Gates Foundation ,XM-DAC-928-UG-2016-17-05.005.AF01.UGA02
Bill & Melinda Gates Foundation ,XM-DAC-928-UG-2018-19-01.001.AF01.UGA01
Bill & Melinda Gates Foundation ,XM-DAC-928-UG-2018-19-01.003.AF01.UGA02
Bill & Melinda Gates Foundation ,XM-DAC-928-UG-2018-19-02.001.AF01.UGA01
Bill & Melinda Gates Foundation ,XM-DAC-928-UG-2018-19-03.001.AF01.UGA01
Bill & Melinda Gates Foundation ,XM-DAC-928-UG-2018-19-03.001.AF01.UGA02
Bill & Melinda Gates Foundation ,XM-DAC-928-UG-2018-19-03.005.AF01.UGA02
Bill & Melinda Gates Foundation ,XM-DAC-928-UG-2018-19-04.002.AF01.UGA01
Bill & Melinda Gates Foundation ,XM-DAC-928-UG-2018-19-10.001.AF01.UGA01
Bill & Melinda Gates Foundation ,XM-DAC-928-UG-2020-21-01.001.AF01.UGA01
Bill & Melinda Gates Foundation ,XM-DAC-928-UG-2020-21-01.001.AF01.UGA02
Bill & Melinda Gates Foundation ,XM-DAC-928-UG-2020-21-01.003.AF01.UGA03
Bill & Melinda Gates Foundation ,XM-DAC-928-UG-2020-21-03.002.AF01.UGA01
Bill & Melinda Gates Foundation ,XM-DAC-928-UG-2020-21-03.002.AF01.UGA02
Bill & Melinda Gates Foundation ,XM-DAC-928-UG-2020-21-10.001.AF01.UGA01
Charity Projects Ltd (Comic Relief) [GB-CHC-326568],GB-CHC-261488-UG6907
Charity Projects Ltd (Comic Relief) [GB-CHC-326568],GB-CHC-1013587-1
Charity Projects Ltd (Comic Relief) [GB-CHC-326568],US-EIN-27-1661997-Ug-refugees-pilot
Charity Projects Ltd (Comic Relief) [GB-CHC-326568],GB-CHC-1099776-L9
Charity Projects Ltd (Comic Relief) [GB-CHC-326568],GB-CHC-1099776-N2
Charity Projects Ltd (Comic Relief) [GB-CHC-326568],GB-CHC-1099776-N4
Charity Projects Ltd (Comic Relief) [GB-CHC-326568],GB-CHC-1099776-N9
Charity Projects Ltd (Comic Relief) [GB-CHC-326568],GB-CHC-1099776-V7
Charity Projects Ltd (Comic Relief) [GB-CHC-326568],NL-KVK-27108436-A-02214-02:UG
Charity Projects Ltd (Comic Relief) [GB-CHC-326568],GB-CHC-1071659-CR_Uganda
Sweden [XM-DAC-10],XM-DAC-41301-646184
Sweden [XM-DAC-10],XM-DAC-41301-647162
Sweden [XM-DAC-10],XM-DAC-41301-657420
Swedish International Development Cooperation Agency (SIDA),US-EIN-13-3287064NAM-2-21576
"Sweden, through Swedish International Development Cooperation Agency (Sida) [SE-0]",GB-COH-2153193-GB-COH-2153193-202100-4789
"Sweden, through Swedish International Development Cooperation Agency (Sida) [SE-0]",XM-DAC-21016-2018-AFRICA-UG
"Sweden, through Swedish International Development Cooperation Agency (Sida) [SE-0]",XM-DAC-21016-2019-AFRICA-UG
"Sweden, through Swedish International Development Cooperation Agency (Sida) [SE-0]",XM-DAC-21016-2020-AFRICA-UG
"Sweden, through Swedish International Development Cooperation Agency (Sida) [SE-0]",XM-DAC-47059-P16-0026
"Sweden, through Swedish International Development Cooperation Agency (Sida) [SE-0]",XM-DAC-47059-P16-0026.1
"Sweden, through Swedish International Development Cooperation Agency (Sida) [SE-0]",XM-DAC-41302-105010-1207-2015-UGA802
"Sweden, through Swedish International Development Cooperation Agency (Sida) [SE-0]",XM-DAC-41302-105818-1207-2016-UGA131
"Sweden, through Swedish International Development Cooperation Agency (Sida) [SE-0]",XM-DAC-41302-105818-1207-2017-UGA131
"Sweden, through Swedish International Development Cooperation Agency (Sida) [SE-0]",XM-DAC-41302-105818-1207-2018-UGA131
"Sweden, through Swedish International Development Cooperation Agency (Sida) [SE-0]",XM-DAC-41302-106649-1207-2018-UGA131
"Sweden, through Swedish International Development Cooperation Agency (Sida) [SE-0]",XM-DAC-41302-106649-1207-2019-UGA131
"ITC Trust Fund Window 1 - BDF (Belgium, Canada, China, Denmark, Finland, Germany, Iceland, India, Ireland, Norway, Sweden)",XM-DAC-45001-B542
"ITC Trust Fund Window 1 (Belgium, Canada, China, Denmark, Finland, Germany, Iceland, India, Ireland, Norway, Sweden)",XM-DAC-45001-B542
"Sweden, through Swedish International Development Cooperation Agency (Sida) [SE-0]",GB-CHC-228248-P0744
"Sweden, through Swedish International Development Cooperation Agency (Sida) [SE-0]",NL-KVK-27108436-A-02258-03:UG
"Sweden, through Swedish International Development Cooperation Agency (Sida) [SE-0]",NL-KVK-27108436-A-05383-04:UG
"Sweden, through Swedish International Development Cooperation Agency (Sida) [SE-0]",NL-KVK-27108436-A-05621-03:UG
"Sweden, through Swedish International Development Cooperation Agency (Sida) [SE-0]",NL-KVK-27108436-A-05630-08:UG
"Sweden, through Swedish International Development Cooperation Agency (Sida) [SE-0]",NL-KVK-27108436-A-05630-12:UG
"Sweden, through Swedish International Development Cooperation Agency (Sida) [SE-0]",NL-KVK-27108436-A-05630-13:UG
"SWEDEN, Government of",XI-IATI-UNPF-MPTF00006
"SWEDEN, Government of",XI-IATI-UNPF-XM-OCHA-CERF
"SWEDEN, Government of [SE-1]",XI-IATI-UNPF-XM-OCHA-CERF
"SWEDEN, Government of [SE-6]",XI-IATI-UNPF-XM-OCHA-CERF
"Sweden, through Swedish International Development Cooperation Agency (Sida) [SE-0]",XI-IATI-UNPF-MPTF00006
"Sweden, through Swedish International Development Cooperation Agency (Sida) [SE-0]",XI-IATI-UNPF-MPTF00068
"Sweden, through Swedish International Development Cooperation Agency (Sida) [SE-0]",XI-IATI-UNPF-UNFPA0001
"Sweden, through Swedish International Development Cooperation Agency (Sida) [SE-0]",XI-IATI-UNPF-UNFPA0025
"Sweden, through Swedish International Development Cooperation Agency (Sida) [SE-0]",XI-IATI-UNPF-UNFPA0032
GOVERNMENT OF SWEDEN [00231],XM-DAC-41146-UGA_D_1.1
GOVERNMENT OF SWEDEN [00231],XM-DAC-41146-UGA_D_1.2
GOVERNMENT OF SWEDEN [00231],XM-DAC-41146-UGA_D_2.1
GOVERNMENT OF SWEDEN [00231],XM-DAC-41146-UGA_D_2.2
GOVERNMENT OF SWEDEN [00231],XM-DAC-41146-UGA_D_3.2
GOVERNMENT OF SWEDEN [00231],XM-DAC-41146-UGA_D_4.2
GOVERNMENT OF SWEDEN [00231],XM-DAC-41146-UGA_D_4.3
GOVERNMENT OF SWEDEN [00231],XM-DAC-41146-UGA_O_1.1
GOVERNMENT OF SWEDEN [00231],XM-DAC-41146-UGA_O_2.1
GOVERNMENT OF SWEDEN [00231],XM-DAC-41146-UGA_O_3.1
GOVERNMENT OF SWEDEN [00231],XM-DAC-41146-UGA_O_4.1
GOVERNMENT OF SWEDEN [00231],XM-DAC-41146-UGA_O_4.2
GOVERNMENT OF SWEDEN [00231],XM-DAC-41146-UGA_O_4.3
GOVERNMENT OF SWEDEN [00231],XM-DAC-41146-UGA_O_4.4
GOVERNMENT OF SWEDEN [00231],XM-DAC-41146-UGA_O_4.5
SIDA - Sweden ,XM-DAC-41122-Uganda-4380/A0/04/105/005
SIDA - Sweden ,XM-DAC-41122-Uganda-4380/A0/04/105/006
SIDA - Sweden ,XM-DAC-41122-Uganda-4380/A0/04/108/002
SIDA - Sweden ,XM-DAC-41122-Uganda-4380/A0/04/108/003
SIDA - Sweden ,XM-DAC-41122-Uganda-4380/A0/04/800/002
SIDA - Sweden ,XM-DAC-41122-Uganda-4380/A0/05/111/001
SIDA - Sweden ,XM-DAC-41122-Uganda-4380/A0/05/111/002
SIDA - Sweden ,XM-DAC-41122-Uganda-4380/A0/05/111/003
SIDA - Sweden ,XM-DAC-41122-Uganda-4380/A0/05/111/004
SIDA - Sweden ,XM-DAC-41122-Uganda-4380/A0/05/114/001
SIDA - Sweden ,XM-DAC-41122-Uganda-4380/A0/05/115/001
SIDA - Sweden ,XM-DAC-41122-Uganda-4380/A0/05/115/003
SIDA - Sweden ,XM-DAC-41122-Uganda-4380/A0/05/880/003
SIDA - Sweden ,XM-DAC-41122-Uganda-4380/A0/05/880/004
SIDA - Sweden ,XM-DAC-41122-Uganda-4380/A0/06/211/001
SIDA - Sweden ,XM-DAC-41122-Uganda-4380/A0/06/211/002
SIDA - Sweden ,XM-DAC-41122-Uganda-4380/A0/06/211/003
SIDA - Sweden ,XM-DAC-41122-Uganda-4380/A0/06/211/004
SIDA - Sweden ,XM-DAC-41122-Uganda-4380/A0/06/211/005
SIDA - Sweden ,XM-DAC-41122-Uganda-4380/A0/06/880/003
SIDA - Sweden ,XM-DAC-41122-Uganda-4380/A0/06/880/004
SIDA - Sweden ,XM-DAC-41122-Uganda-4380/A0/06/880/006
SIDA - Sweden ,XM-DAC-41122-Uganda-4380/A0/06/880/007
SIDA - Sweden ,XM-DAC-41122-Uganda-4380/A0/06/880/008
Sweden ,XM-DAC-41122-Uganda-4380/A0/05/111/001
Sweden ,XM-DAC-41122-Uganda-4380/A0/06/211/002
GOVERNMENT OF SWEDEN [00231],XM-DAC-41114-OUTPUT-00120695
SWEDISH INTERNATIONAL DEVELOPMENT COOPERATION (SIDA) [00555],XM-DAC-41114-OUTPUT-00085278
Sweden [SWE],XM-DAC-41140-UG01.01.011.URT1
Sweden [SWE],XM-DAC-41140-UG01.01.023.ACL1
Sweden [SWE],XM-DAC-41140-UG01.05.051.CSI1
Sweden [SWE],XM-DAC-41140-UG01-DSC
Sida [SE-ON-202100-4789],SE-ON-802004-1524-UG-20188100
Sida [SE-ON-202100-4789],SE-ON-802004-1524-UG-20188103
Sida [SE-ON-202100-4789],SE-ON-802004-1524-UG-20188104
Sida [SE-ON-202100-4789],SE-ON-802004-1524-UG-20188105
Sida [SE-ON-202100-4789],SE-ON-802004-1524-UG-20188106
Sida [SE-ON-202100-4789],SE-ON-802004-1524-UG-20188107
Sida [SE-ON-202100-4789],SE-ON-802004-1524-UG-20188110
Sida [SE-ON-202100-4789],SE-ON-802004-1524-UG-20188122
Sida [SE-ON-202100-4789],SE-ON-802004-1524-UG-20188170
Sida [SE-ON-202100-4789],SE-ON-802004-1524-UG-20188180
Sida [SE-ON-202100-4789],SE-ON-802004-1524-UG-20188181
Sida [SE-ON-202100-4789],SE-ON-802004-1524-UG-20188182
Swedish International Development Cooperation Agency (SIDA),XI-IATI-WBTF-TF072900
"Ministry Of Foreign Affairs, Sweden ",XM-DAC-928-UG-2020-21-04.002.AF01.UGA01
Sida [SE-ON-202100-4789],SE-ON-802005-9823-KE-500407
Sida [SE-ON-202100-4789],SE-ON-802005-9823-UG-500392
Sida [SE-ON-202100-4789],SE-ON-802005-9823-UG-500406
Sida [SE-ON-202100-4789],SE-ON-802005-9823-UG-500409
Simavi [NL-KVK-40594571],NL-KVK-27327087-7284-6798
Simavi [NL-KVK-40594571],NL-KVK-41150298-5130
Simavi [NL-KVK-40594571],NL-KVK-41150298-5142
Simavi [NL-KVK-40594571],UG-NGB-1826-1716011
Simavi [NL-KVK-40594571],NL-KVK-09119363-NL1701C
Simavi [NL-KVK-40594571],NL-KVK-32102434-1711-Uganda
Simavi [NL-KVK-40594571],NL-KVK-41152786-
Simavi [NL-KVK-40594571],NL-KVK-41208024-WSDG-UG18-690
Simavi [NL-KVK-40594571],NL-KVK-41172933-0000078
Simavi [NL-KVK-40594571],NL-KVK-9099028-WI-NL.1369.2
MannionDaniels [GB-COH-04105827],KE-KRA-P000634725S-2D39-CWDJ-5B
MannionDaniels [GB-COH-041068527],GB-CHC-261488-UGA54AM
MannionDaniels [GB-COH-04105827],GB-CHC-298316-203559-218
MannionDaniels [GB-COH-04105827],GB-CHC-285776-UGA356
MannionDaniels [GB-COH-04105827],GB-CHC-285776-UGA357
MannionDaniels [GB-COH-04105827],GB-CHC-285776-UGA358
MannionDaniels [GB-COH-04105827],GB-CHC-1172875-AidMatch-5JB3-SJ9M-UY
MannionDaniels [GB-COH-04105827],GB-CHC-328273-AidDirect-9SG6-M6ZC-PR
MannionDaniels [GB-COH-04105827],GB-CHC-1089490-203559-204
Mannion Daniels [GB-CHO-04105827],GB-CHC-1157722-UKAD17
MannionDaniels [GB-COH-04105827],GB-CHC-1157722-UKAD17
MannionDaniels [GB-COH-04105827],GB-CHC-1079358-205210-267
MannionDaniels [GB-COH-04105827],GB-CHC-1079358-AFR38
MannionDaniels [GB-COH-04105827],GB-CHC-299717-UG0002
Overseas Development Institute; The Government of Netherlands; The Mastercard Foundation; William and Flora Hewlett Foundation; GIZ,US-EIN-11-3803281-PACT
Netherlands - Ministry of Foreign Affairs [XM-DAC-7],NL-KVK-41207989-P-8811-260
Netherlands - Ministry of Foreign Affairs [XM-DAC-7],NL-KVK-41150298-4109
Netherlands - Ministry of Foreign Affairs [XM-DAC-7],NL-KVK-27248417-26962
Netherlands - Ministry of Foreign Affairs [XM-DAC-7],UG-NGB-5914-129-SKY
Ministry of Foreign Affairs- Netherlands,NL-KVK-41158230-UGA010N
Netherlands - Ministry of Foreign Affairs [XM-DAC-7],GB-COH-8159144-004
Netherlands - Ministry of Foreign Affairs [XM-DAC-7],GB-COH-8159144-005
Netherlands - Ministry of Foreign Affairs [XM-DAC-7],GB-COH-8159144-006
Netherlands - Ministry of Foreign Affairs [XM-DAC-7],CH-FDJP-CHE110141200-21
Netherlands - Ministry of Foreign Affairs [XM-DAC-7],NL-KVK-65306198-02
Ministry of Foreign Affairs of the Netherlands ,NL-KVK-27078545-0000139463
Ministry of Foreign Affairs of the Netherlands ,NL-KVK-27078545-0000140655
Ministry of Foreign Affairs of the Netherlands ,NL-KVK-27078545-0000143407
Ministry of Foreign Affairs of the Netherlands ,NL-KVK-27078545-0000145862
Ministry of Foreign Affairs of the Netherlands ,NL-KVK-27078545-0000148131
Ministry of Foreign Affairs of the Netherlands ,NL-KVK-27078545-0000148215
Ministry of Foreign Affairs of the Netherlands ,NL-KVK-27078545-0000150011
Ministry of Foreign Affairs of the Netherlands ,NL-KVK-27078545-0000162127
Netherlands - Ministry of Foreign Affairs [XM-DAC-7],NL-KVK-27302841-201701
Netherlands - Ministry of Foreign Affairs [XM-DAC-7]; Donations public - unrestricted own resources,NL-KVK-27302841-201701
Netherlands Ministry of Foreign Affairs ,XM-DAC-47136-UG4
Netherlands - Ministry of Foreign Affairs [XM-DAC-7],XI-PB-0000-CGV-400004257
Netherlands - Ministry of Foreign Affairs [XM-DAC-7],NL-KVK-41198677_00.0015
Netherlands - Ministry of Foreign Affairs [XM-DAC-7],NL-KVK-41198677-AFGO_FUND-XM-DAC-7-PPR-4000000295
Netherlands - Ministry of Foreign Affairs [XM-DAC-7],NL-KVK-41198677-AFGO_FUND-XM-DAC-7-PPR-4000002563
Netherlands Ministry of Foreign Affairs - BUZA [XM-DAC-7 ],NL-KVK-53521129-XM-DAC-7-PPR-4000003277
Netherlands,XM-DAC-21016-2017-AFRICA-UG
Netherlands,XM-DAC-21016-2018-AFRICA-UG
Netherlands,XM-DAC-21016-2019-AFRICA-UG
Netherlands,XM-DAC-21016-2020-AFRICA-UG
Netherlands - Ministry of Foreign Affairs [XM-DAC-7],US-EIN-63-0676451-ifdc-us-REACH
Netherlands - Ministry of Foreign Affairs [XM-DAC-7],XM-DAC-41302-106833-1170-2019-UGA176
Netherlands - Ministry of Foreign Affairs [XM-DAC-7],XM-DAC-45001-B387
Netherlands Ministry of Foreign Affairs [XM-DAC-7-],NL-KvK-41151952-E1786
Netherlands - Ministry of Foreign Affairs [XM-DAC-7],UG-RSB-229709-KAM-BLU001
Netherlands - Ministry of Foreign Affairs [XM-DAC-7],NL-KVK-56821743-GNC
Netherlands - Ministry of Foreign Affairs [XM-DAC-7],NL-KVK-56821743-RRC
Netherlands - Ministry of Foreign Affairs [XM-DAC-7],NL-KVK-56821743-WRM
Netherlands Commission for Environmental Assessment [NL-KVK-41185216],NL-KVK-41185216-CR_independentadvice
Netherlands Commission for Environmental Assessment [NL-KVK-41185216],NL-KVK-41185216-CR_monitoringevaluation
Netherlands Commission for Environmental Assessment [NL-KVK-41185216],NL-KVK-41185216-CR_organisationalcapacity
Netherlands Commission for Environmental Assessment [NL-KVK-41185216],NL-KVK-41185216-CR_professionalexchange
Netherlands Commission for Environmental Assessment [NL-KVK-41185216],NL-KVK-41185216-CR_reconnaissance
Netherlands Commission for Environmental Assessment [NL-KVK-41185216],NL-KVK-41185216-CR_regulatoryframework
Netherlands - Ministry of Foreign Affairs [XM-DAC-7],NL-KVK-27378529-18315
Netherlands - Ministry of Foreign Affairs [XM-DAC-7],NL-KVK-27378529-23408
Netherlands - Ministry of Foreign Affairs [XM-DAC-7],NL-KVK-27378529-25403_2
Netherlands - Ministry of Foreign Affairs [XM-DAC-7],NL-KVK-27378529-26067_3
Netherlands - Ministry of Foreign Affairs [XM-DAC-7],NL-KVK-27378529-27253
Netherlands - Ministry of Foreign Affairs [XM-DAC-7],NL-KVK-27378529-27528
Netherlands - Ministry of Foreign Affairs [XM-DAC-7],NL-KVK-27378529-4000002085
Netherlands - Ministry of Foreign Affairs [XM-DAC-7],NL-KVK-27378529-4000002351
Netherlands - Ministry of Foreign Affairs [XM-DAC-7],NL-KVK-27378529-4000002602
Netherlands - Ministry of Foreign Affairs [XM-DAC-7],NL-KVK-40409352-DCHI-2019-Energy
Netherlands - Ministry of Foreign Affairs [XM-DAC-7],US-DOS-64562614-XM-DAC-7-PPR-29032
Netherlands - Ministry of Foreign Affairs [XM-DAC-7],US-DOS-64562614-XM-DAC-7-PPR-29032-1
Netherlands - Ministry of Foreign Affairs [XM-DAC-7],NL-KVK-27108436-A-05014-12:UG
Netherlands - Ministry of Foreign Affairs [XM-DAC-7],NL-KVK-27108436-A-05255-02:UG
Netherlands - Ministry of Foreign Affairs [XM-DAC-7],NL-KVK-27108436-A-05255-04:UG
Netherlands - Ministry of Foreign Affairs [XM-DAC-7],NL-KVK-27108436-A-05255-05:UG
Netherlands - Ministry of Foreign Affairs [XM-DAC-7],NL-KVK-27108436-A-05255-06:UG
Netherlands - Ministry of Foreign Affairs [XM-DAC-7],NL-KVK-27108436-A-05255-07:UG
Netherlands - Ministry of Foreign Affairs [XM-DAC-7],NL-KVK-27108436-A-05255-08:UG
Netherlands - Ministry of Foreign Affairs [XM-DAC-7],NL-KVK-27108436-A-05255-09:UG
Netherlands - Ministry of Foreign Affairs [XM-DAC-7],NL-KVK-27108436-A-05255-10:UG
Netherlands - Ministry of Foreign Affairs [XM-DAC-7],NL-KVK-27108436-A-05255-11:UG
Netherlands - Ministry of Foreign Affairs [XM-DAC-7],NL-KVK-27108436-A-05255-12:UG
Netherlands - Ministry of Foreign Affairs [XM-DAC-7],NL-KVK-27108436-A-05255-13:UG
Netherlands - Ministry of Foreign Affairs [XM-DAC-7],NL-KVK-27108436-A-05255-14:UG
Netherlands - Ministry of Foreign Affairs [XM-DAC-7],NL-KVK-27108436-A-05255-15:UG
Netherlands - Ministry of Foreign Affairs [XM-DAC-7],NL-KVK-27108436-A-05255-16:UG
Netherlands - Ministry of Foreign Affairs [XM-DAC-7],NL-KVK-27108436-A-05255-17:UG
Netherlands - Ministry of Foreign Affairs [XM-DAC-7],NL-KVK-27108436-A-05255-18:UG
Netherlands - Ministry of Foreign Affairs [XM-DAC-7],NL-KVK-27108436-A-05255-19:UG
Netherlands - Ministry of Foreign Affairs [XM-DAC-7],NL-KVK-27108436-A-05255-20:UG
Netherlands - Ministry of Foreign Affairs [XM-DAC-7],NL-KVK-27108436-A-05256-02:UG
Netherlands - Ministry of Foreign Affairs [XM-DAC-7],NL-KVK-27108436-A-05256-03:UG
Netherlands - Ministry of Foreign Affairs [XM-DAC-7],NL-KVK-27108436-A-05256-04:UG
Netherlands - Ministry of Foreign Affairs [XM-DAC-7],NL-KVK-27108436-A-05256-05:UG
Netherlands - Ministry of Foreign Affairs [XM-DAC-7],NL-KVK-27108436-A-05256-06:UG
Netherlands - Ministry of Foreign Affairs [XM-DAC-7],NL-KVK-27108436-A-05256-07:UG
Netherlands - Ministry of Foreign Affairs [XM-DAC-7],NL-KVK-27108436-A-05256-08:UG
Netherlands - Ministry of Foreign Affairs [XM-DAC-7],NL-KVK-27108436-A-05256-10:UG
Netherlands - Ministry of Foreign Affairs [XM-DAC-7],NL-KVK-27108436-A-05256-11:UG
Netherlands - Ministry of Foreign Affairs [XM-DAC-7],NL-KVK-27108436-A-05256-12:UG
Netherlands - Ministry of Foreign Affairs [XM-DAC-7],NL-KVK-27108436-A-05256-13:UG
Netherlands - Ministry of Foreign Affairs [XM-DAC-7],NL-KVK-27108436-A-05257-02:UG
Netherlands - Ministry of Foreign Affairs [XM-DAC-7],NL-KVK-27108436-A-05257-03:UG
Netherlands - Ministry of Foreign Affairs [XM-DAC-7],NL-KVK-27108436-A-05257-04:UG
Netherlands - Ministry of Foreign Affairs [XM-DAC-7],NL-KVK-27108436-A-05257-05:UG
Netherlands - Ministry of Foreign Affairs [XM-DAC-7],NL-KVK-27108436-A-05257-07:UG
Netherlands - Ministry of Foreign Affairs [XM-DAC-7],NL-KVK-27108436-A-05257-09:UG
Netherlands - Ministry of Foreign Affairs [XM-DAC-7],NL-KVK-27108436-A-05257-10:UG
Netherlands - Ministry of Foreign Affairs [XM-DAC-7],NL-KVK-27108436-A-05257-11:UG
Netherlands - Ministry of Foreign Affairs [XM-DAC-7],NL-KVK-27108436-A-05258-02:UG
Netherlands - Ministry of Foreign Affairs [XM-DAC-7],NL-KVK-27108436-A-05258-04:UG
Netherlands - Ministry of Foreign Affairs [XM-DAC-7],NL-KVK-27108436-A-05258-05:UG
Netherlands - Ministry of Foreign Affairs [XM-DAC-7],NL-KVK-27108436-A-06608-02:UG
Netherlands - Ministry of Foreign Affairs [XM-DAC-7],NL-KVK-27108436-A-06608-03:UG
Netherlands - Ministry of Foreign Affairs [XM-DAC-7],NL-KVK-27108436-A-06608-05:UG
Netherlands - Ministry of Foreign Affairs [XM-DAC-7],NL-KVK-27108436-A-06608-06:UG
Netherlands - Ministry of Foreign Affairs [XM-DAC-7],NL-KVK-27108436-A-06608-07:UG
Netherlands - Ministry of Foreign Affairs [XM-DAC-7],NL-KVK-30114696-CFYE
Netherlands - Ministry of Foreign Affairs [XM-DAC-7],NL-KVK-41160229-PUM_2017_2020
Netherlands - Ministry of Foreign Affairs [XM-DAC-7],US-EIN-20-8530747-DMFAIDIA
Netherlands - Ministry of Foreign Affairs [XM-DAC-7],NL-KVK-41193594-AD7200PP
Netherlands - Ministry of Foreign Affairs [XM-DAC-7],NL-KVK-40594571-SDG-WASH
Netherlands - Ministry of Foreign Affairs [XM-DAC-7],NL-KVK-40594571-WAI2016
[EMBASSY OF THE KINGDOM OF THE NETHERLANDS],UG-RSB-80010003259159/105066-FASO
Netherlands - Ministry of Foreign Affairs [XM-DAC-7],NL-KVK-41048542-NL-KVK-41048542-16kibi-6530
Netherlands - Ministry of Foreign Affairs [XM-DAC-7],NL-KVK-41048542-NL-KVK-41048542-16kiga-6509
Netherlands - Ministry of Foreign Affairs [XM-DAC-7],NL-KVK-41048542-NL-KVK-41048542-16kiso-6505
Netherlands - Ministry of Foreign Affairs [XM-DAC-7],NL-KVK-41048542-NL-KVK-41048542-16many-6508
Netherlands - Ministry of Foreign Affairs [XM-DAC-7],NL-KVK-41048542-NL-KVK-41048542-16mrcf-6463
Netherlands - Ministry of Foreign Affairs [XM-DAC-7],NL-KVK-41048542-NL-KVK-41048542-16rcsl-6503
Netherlands - Ministry of Foreign Affairs [XM-DAC-7],NL-KVK-41048542-NL-KVK-41048542-16rfc-6547
Netherlands - Ministry of Foreign Affairs [XM-DAC-7],NL-KVK-41048542-NL-KVK-41048542-16ruki-6507
Netherlands - Ministry of Foreign Affairs [XM-DAC-7],NL-KVK-41048542-NL-KVK-41048542-16ruku-6461
Netherlands - Ministry of Foreign Affairs [XM-DAC-7],NL-KVK-41048542-NL-KVK-41048542-16semu-6489
Netherlands - Ministry of Foreign Affairs [XM-DAC-7],NL-KVK-41048542-NL-KVK-41048542-16snvu-6594
Netherlands - Ministry of Foreign Affairs [XM-DAC-7],NL-KVK-41048542-NL-KVK-41048542-16tace-6462
Netherlands - Ministry of Foreign Affairs [XM-DAC-7],NL-KVK-41048542-NL-KVK-41048542-17at-7034
Netherlands - Ministry of Foreign Affairs [XM-DAC-7],NL-KVK-41048542-NL-KVK-41048542-17Buyanj-7161
Netherlands - Ministry of Foreign Affairs [XM-DAC-7],NL-KVK-41048542-NL-KVK-41048542-17kiso-7285
Netherlands - Ministry of Foreign Affairs [XM-DAC-7],NL-KVK-41048542-NL-KVK-41048542-17lyam-7162
Netherlands - Ministry of Foreign Affairs [XM-DAC-7],NL-KVK-41048542-NL-KVK-41048542-17rush-7158
Netherlands - Ministry of Foreign Affairs [XM-DAC-7],NL-KVK-41048542-NL-KVK-41048542-17UNSP-7313
Netherlands - Ministry of Foreign Affairs [XM-DAC-7],NL-KVK-41048542-NL-KVK-41048542-18at-7341
Netherlands - Ministry of Foreign Affairs [XM-DAC-7],NL-KVK-41048542-NL-KVK-41048542-18bush-7662
Netherlands - Ministry of Foreign Affairs [XM-DAC-7],NL-KVK-41048542-NL-KVK-41048542-18kiso-7628
Netherlands - Ministry of Foreign Affairs [XM-DAC-7],NL-KVK-41048542-NL-KVK-41048542-18PKWI-7661
Netherlands - Ministry of Foreign Affairs [XM-DAC-7],NL-KVK-41048542-NL-KVK-41048542-18uca-7634
Netherlands - Ministry of Foreign Affairs [XM-DAC-7],NL-KVK-41048542-NL-KVK-41048542-18UNSP-8055
Netherlands - Ministry of Foreign Affairs [XM-DAC-7],NL-KVK-41048542-NL-KVK-41048542-19AgUg-8356
Netherlands - Ministry of Foreign Affairs [XM-DAC-7],NL-KVK-41048542-NL-KVK-41048542-19at-8199
Netherlands - Ministry of Foreign Affairs [XM-DAC-7],NL-KVK-41048542-NL-KVK-41048542-19at-8203
Netherlands - Ministry of Foreign Affairs [XM-DAC-7],NL-KVK-41048542-NL-KVK-41048542-19DDFC-8300
Netherlands - Ministry of Foreign Affairs [XM-DAC-7],NL-KVK-41048542-NL-KVK-41048542-19KCS-8120
Netherlands - Ministry of Foreign Affairs [XM-DAC-7],NL-KVK-41048542-NL-KVK-41048542-19kibi-8204
Netherlands - Ministry of Foreign Affairs [XM-DAC-7],NL-KVK-41048542-NL-KVK-41048542-19kiso-8187
Netherlands - Ministry of Foreign Affairs [XM-DAC-7],NL-KVK-41048542-NL-KVK-41048542-19lyam-8245
Netherlands - Ministry of Foreign Affairs [XM-DAC-7],NL-KVK-41048542-NL-KVK-41048542-19ruki-8242
Netherlands - Ministry of Foreign Affairs [XM-DAC-7],NL-KVK-41048542-NL-KVK-41048542-19rush-8238
Netherlands - Ministry of Foreign Affairs [XM-DAC-7],NL-KVK-41048542-NL-KVK-41048542-19UNSP-8170
Netherlands - Ministry of Foreign Affairs [XM-DAC-7],NL-KVK-41048542-NL-KVK-41048542-19uny-8091
Netherlands - Ministry of Foreign Affairs [XM-DAC-7],NL-KVK-41048542-NL-KVK-41048542-20AgUg-8532
Netherlands - Ministry of Foreign Affairs [XM-DAC-7],NL-KVK-41048542-NL-KVK-41048542-20at-8521
Netherlands - Ministry of Foreign Affairs [XM-DAC-7],NL-KVK-41048542-NL-KVK-41048542-20ATRW-8710
Netherlands - Ministry of Foreign Affairs [XM-DAC-7],NL-KVK-41048542-NL-KVK-41048542-20bush-8577
Netherlands - Ministry of Foreign Affairs [XM-DAC-7],NL-KVK-41048542-NL-KVK-41048542-20KCS-8531
Netherlands - Ministry of Foreign Affairs [XM-DAC-7],NL-KVK-41048542-NL-KVK-41048542-20kibi-8530
Netherlands - Ministry of Foreign Affairs [XM-DAC-7],NL-KVK-41048542-NL-KVK-41048542-20kiso-8419
Netherlands - Ministry of Foreign Affairs [XM-DAC-7],NL-KVK-41048542-NL-KVK-41048542-20lyam-8583
Netherlands - Ministry of Foreign Affairs [XM-DAC-7],NL-KVK-41048542-NL-KVK-41048542-20ruki-8575
Netherlands - Ministry of Foreign Affairs [XM-DAC-7],NL-KVK-41048542-NL-KVK-41048542-20rush-8582
Netherlands - Ministry of Foreign Affairs [XM-DAC-7],NL-KVK-41048542-NL-KVK-41048542-20UNSP-8526
Netherlands - Ministry of Foreign Affairs [XM-DAC-7],NL-KVK-41048542-NL-KVK-41048542-20uny-8590
Netherlands - Ministry of Foreign Affairs [XM-DAC-7],NL-KVK-41152832-HO2016.2021
Netherlands - Ministry of Foreign Affairs [XM-DAC-7],NL-KVK-41192276-GfC-general-programme
Netherlands - Ministry of Foreign Affairs [XM-DAC-7],SE-ON-802425-8702- XM-DAC-7-PPR-4000003178
Netherlands - Ministry of Foreign Affairs [XM-DAC-7],XI-IATI-UNPF-MPTF00006
Netherlands - Ministry of Foreign Affairs [XM-DAC-7],XI-IATI-UNPF-XM-OCHA-CERF
"NETHERLANDS, Government of",XI-IATI-UNPF-MPTF00006
"NETHERLANDS, Government of",XI-IATI-UNPF-XM-OCHA-CERF
Netherlands ,XM-DAC-41122-Uganda-4380/A0/04/106/001
Netherlands ,XM-DAC-41122-Uganda-4380/A0/04/106/002
Netherlands ,XM-DAC-41122-Uganda-4380/A0/04/106/003
Netherlands ,XM-DAC-41122-Uganda-4380/A0/04/106/004
Netherlands ,XM-DAC-41122-Uganda-4380/A0/04/106/005
Netherlands ,XM-DAC-41122-Uganda-4380/A0/04/107/001
Netherlands ,XM-DAC-41122-Uganda-4380/A0/04/107/002
Netherlands ,XM-DAC-41122-Uganda-4380/A0/04/107/003
Netherlands ,XM-DAC-41122-Uganda-4380/A0/04/107/005
Netherlands ,XM-DAC-41122-Uganda-4380/A0/04/108/001
Netherlands ,XM-DAC-41122-Uganda-4380/A0/04/108/002
Netherlands ,XM-DAC-41122-Uganda-4380/A0/04/108/003
Netherlands ,XM-DAC-41122-Uganda-4380/A0/04/108/004
Netherlands ,XM-DAC-41122-Uganda-4380/A0/04/108/006
Netherlands ,XM-DAC-41122-Uganda-4380/A0/04/800/002
Netherlands ,XM-DAC-41122-Uganda-4380/A0/05/111/004
Netherlands ,XM-DAC-41122-Uganda-4380/A0/05/112/001
Netherlands ,XM-DAC-41122-Uganda-4380/A0/05/112/002
Netherlands ,XM-DAC-41122-Uganda-4380/A0/05/112/003
Netherlands ,XM-DAC-41122-Uganda-4380/A0/05/113/001
Netherlands ,XM-DAC-41122-Uganda-4380/A0/05/113/002
Netherlands ,XM-DAC-41122-Uganda-4380/A0/05/113/003
Netherlands ,XM-DAC-41122-Uganda-4380/A0/05/114/003
Netherlands ,XM-DAC-41122-Uganda-4380/A0/05/115/001
Netherlands ,XM-DAC-41122-Uganda-4380/A0/05/115/002
Netherlands ,XM-DAC-41122-Uganda-4380/A0/05/115/003
Netherlands ,XM-DAC-41122-Uganda-4380/A0/05/880/003
Netherlands ,XM-DAC-41122-Uganda-4380/A0/05/880/004
Netherlands ,XM-DAC-41122-Uganda-4380/A0/06/211/005
Netherlands ,XM-DAC-41122-Uganda-4380/A0/06/212/003
Netherlands ,XM-DAC-41122-Uganda-4380/A0/06/213/001
Netherlands ,XM-DAC-41122-Uganda-4380/A0/06/213/002
Netherlands ,XM-DAC-41122-Uganda-4380/A0/06/213/003
Netherlands ,XM-DAC-41122-Uganda-4380/A0/06/880/001
Netherlands ,XM-DAC-41122-Uganda-4380/A0/06/880/003
Netherlands ,XM-DAC-41122-Uganda-4380/A0/06/880/004
Netherlands ,XM-DAC-41122-Uganda-4380/A0/06/880/006
Netherlands ,XM-DAC-41122-Uganda-4380/A0/06/880/007
Netherlands ,XM-DAC-41122-Uganda-4380/A0/06/880/008
Netherlands Committee for UNICEF ,XM-DAC-41122-Uganda-4380/A0/05/115/004
Netherlands Committee for UNICEF ,XM-DAC-41122-Uganda-4380/A0/05/880/003
Netherlands Committee for UNICEF ,XM-DAC-41122-Uganda-4380/A0/06/211/005
Netherlands Committee for UNICEF ,XM-DAC-41122-Uganda-4380/A0/06/213/002
Netherlands Committee for UNICEF ,XM-DAC-41122-Uganda-4380/A0/06/213/003
Netherlands Committee for UNICEF ,XM-DAC-41122-Uganda-4380/A0/06/880/006
Netherlands Committee for UNICEF ,XM-DAC-41122-Uganda-4380/A0/06/880/007
Netherlands Committee for UNICEF ,XM-DAC-41122-Uganda-4380/A0/06/880/008
Netherlands - Ministry of Foreign Affairs [XM-DAC-7],NL-KVK-27195046-IDEAL
Netherlands Ministry of Foreign Affairs [XM-DAC-7-],NL-KVK-27195046-IDEAL
Netherlands - Ministry of Foreign Affairs [XM-DAC-7],NL-KVK-09098104-8141610100
Netherlands - Ministry of Foreign Affairs [XM-DAC-7],NL-KVK-09098104-XM-DAC-7-PPR-4000002094
Netherlands - Ministry of Foreign Affairs [XM-DAC-7],NL-KVK-41172933-089FFINMON
Netherlands - Ministry of Foreign Affairs [XM-DAC-7],US-EIN-521257057-US-EIN-521257057-NDCPARTNERSHIP
Netherlands - Ministry of Foreign Affairs [XM-DAC-7],NL-KVK-41009723-NLD2101
Netherlands - Ministry of Foreign Affairs [XM-DAC-7],NL-KVK-41009723-RECON1
DFID [GB-1],GB-CHC-326859-GPAFINN014
[GB-1],GB-COH-04276635-GPAF-INN037
DFID [DFID GB-1],GB-COH-04276635-GPAF-INN037
DFID [GB-1],GB-COH-04276635-GPAF-INN037
"UK - Foreign, Commonwealth and Development Office [GB-GOV-1]",US-EIN-134166228-GB-COH-06274284-TEA2 - Pioneer Energy Investment Initiative 2
DFID [GB-1],GB-COH-01846493-DPSA-OPP-817327
DFID [GB-1],GB-COH-01846493-DPSA-OPP-860314
"UK - Foreign, Commonwealth and Development Office [GB-GOV-1]",GB-COH-01846493-TAF2+
DFID [1 GB-1 10],GB-COH-GB-COH-01846493-DPSAOPP-483498
DFID [1 GB-1 10],GB-COH-GB-COH-01846493-DPSAOPP-697140
DFID [1 GB-1 10],GB-COH-GB-COH-01846493-DPSAOPP-697142
DfID,ZA-PBO-7270782362-ataftax
"UK - Foreign, Commonwealth and Development Office [GB-GOV-1]",GB-CHC-1108718-ARJumpstart!
"UK - Foreign, Commonwealth and Development Office [GB-GOV-1]",GB-COH-OC305127-2
[DFID],GB-CHC-1115482-UKAidDirectGrantRef:XH4T-8TEX-VM
DFID (The Department for International Development) [GB-1],GB-CHC-1115482-GB-CHC-1115482-Q2/3UKAidDirectGrantRef:XH4T/8TEX-VM/XPX5-ZW9K-S5
DFID (The Department for International Development) [GB-1],GB-CHC-1115482-GB-CHC-1115482-UKAidDirectGrantRef:XH4T-8TEX-VM
DFID (The Department for International Development) [GB-1],GB-CHC-1115482-Q1UKAidDirectGrantRef:XH4T-8TEX-VM
"UK - Foreign, Commonwealth and Development Office [GB-GOV-1]",GB-CHC-209131-A03172
"UK - Foreign, Commonwealth and Development Office [GB-GOV-1]",CA_ON-ONT-1597880-205176
"UK - Foreign, Commonwealth and Development Office [GB-GOV-1]",GB-COH-05543952-EMUK10791
"UK - Foreign, Commonwealth and Development Office [GB-GOV-1]",GB-COH-05543952-GB-1-203048
"UK - Foreign, Commonwealth and Development Office [GB-GOV-1]",UG-NGB-5914-7209-EDGUE
[DFID],US-EIN-27-1414646-DFIDACCESS4
"UK - Foreign, Commonwealth and Development Office [GB-GOV-1]",GB-COH-3799145-781-16017GB
"UK - Foreign, Commonwealth and Development Office [GB-GOV-1]",GB-COH-3799145-781-205669XR
"UK - Foreign, Commonwealth and Development Office [GB-GOV-1]",GB-COH-3799145-781-221102GB
"UK - Foreign, Commonwealth and Development Office [GB-GOV-1]",GB-COH-3799145-781-270445UG
"UK - Foreign, Commonwealth and Development Office [GB-GOV-1]",GB-COH-8159144-004
"UK - Foreign, Commonwealth and Development Office [GB-GOV-1]",GB-COH-8159144-005
"UK - Foreign, Commonwealth and Development Office [GB-GOV-1]",GB-COH-8159144-006
"UK - Foreign, Commonwealth and Development Office [GB-GOV-1]",CA-CRA_ACR-101182509-DFID-Regional-SPARC
Department for International Development (DFID) [GB-GOV-1-205242],GB-COH-1858644-GB-1-205242
"UK - Foreign, Commonwealth and Development Office [GB-GOV-1]",DK-CVR-20699310-DF18695
"UK - Foreign, Commonwealth and Development Office [GB-GOV-1]",GB-COH-06368740-P0007
UK - Department of Health and Social Care (DHSC) [GB-GOV-10],CH-FDJP-CHE110141200-70
"UK - Foreign, Commonwealth and Development Office [GB-GOV-1]",CH-FDJP-CHE110141200-10
"UK - Foreign, Commonwealth and Development Office [GB-GOV-1]",CH-FDJP-CHE110141200-14
"UK - Foreign, Commonwealth and Development Office [GB-GOV-1]",CH-FDJP-CHE110141200-15
"UK - Foreign, Commonwealth and Development Office [GB-GOV-1]",CH-FDJP-CHE110141200-190
"UK - Foreign, Commonwealth and Development Office [GB-GOV-1]",CH-FDJP-CHE110141200-199
"UK - Foreign, Commonwealth and Development Office [GB-GOV-1]",CH-FDJP-CHE110141200-20
"UK - Foreign, Commonwealth and Development Office [GB-GOV-1]",GB-CHC-1172875-AidDirect-HWD2-YB4Z-DM
"UK - Foreign, Commonwealth and Development Office [GB-GOV-1]",GB-CHC-1172875-AidMatch-5JB3-SJ9M-UY
"UK - Foreign, Commonwealth and Development Office [GB-GOV-1]",GB-COH-02622374-energy_saving_trust
"UK - Foreign, Commonwealth and Development Office [GB-GOV-1]",DE-1-201322015
"UK - Foreign, Commonwealth and Development Office [GB-GOV-1]",DE-1-201621119
"UK - Foreign, Commonwealth and Development Office [GB-GOV-1]",GB-COH-03580586-GEC-GECT
"UK - Foreign, Commonwealth and Development Office [GB-GOV-1]",US-EIN-27-1661997-Ug-refugees-pilot
"UK - Foreign, Commonwealth and Development Office [GB-GOV-1]",GB-COH-05393391-GB-GOV-1-300504
"UK - Foreign, Commonwealth and Development Office [GB-GOV-1]",GB-COH-11126312-Cluster2
"UK - Foreign, Commonwealth and Development Office [GB-GOV-1]",GB-COH-11126312-Cluster3
"UK - Foreign, Commonwealth and Development Office [GB-GOV-1]",GB-COH-11126312-Cluster4
"UK - Foreign, Commonwealth and Development Office [GB-GOV-1]",US-EIN-37-1552838-104
"UK - Foreign, Commonwealth and Development Office [GB-GOV-1]",US-EIN-37-1552838-21
"UK - Foreign, Commonwealth and Development Office [GB-GOV-1]",US-EIN-37-1552838-24
"UK - Foreign, Commonwealth and Development Office [GB-GOV-1]",US-EIN-37-1552838-50
"UK - Foreign, Commonwealth and Development Office [GB-GOV-1]",US-EIN-37-1552838-53
"UK - Foreign, Commonwealth and Development Office [GB-GOV-1]",US-EIN-37-1552838-54
"UK - Foreign, Commonwealth and Development Office [GB-GOV-1]",US-EIN-37-1552838-55
"UK - Foreign, Commonwealth and Development Office [GB-GOV-1]",US-EIN-37-1552838-56
"UK - Foreign, Commonwealth and Development Office [GB-GOV-1]",US-EIN-37-1552838-57
"UK - Foreign, Commonwealth and Development Office [GB-GOV-1]",US-EIN-37-1552838-80
"UK - Foreign, Commonwealth and Development Office [GB-GOV-1]",US-EIN-37-1552838-89
"UK - Foreign, Commonwealth and Development Office [GB-GOV-1]",GB-COH-02651349-EACDS11144-044
"UK - Foreign, Commonwealth and Development Office [GB-GOV-1]",GB-COH-02651349-EACDS11144-045
"UK - Foreign, Commonwealth and Development Office [GB-GOV-1]",GB-COH-02651349-EACDS11144-047
"UK - Foreign, Commonwealth and Development Office [GB-GOV-1]",GB-COH-877338-GB-COH-877338-NH17038
"UK - Foreign, Commonwealth and Development Office [GB-GOV-1]",GB-COH-877338-GB-COH-877338-PT17006
"UK - Foreign, Commonwealth and Development Office [GB-GOV-1]",GB-COH-877338-GV/16008
"UK - Foreign, Commonwealth and Development Office [GB-GOV-1]",GB-COH-877338-GV18012
UK Department for International Development (DFID),US-EIN-13-3287064NAM-2-21440
"UK - Foreign, Commonwealth and Development Office [GB-GOV-1]",XM-DAC-21016-2017-AFRICA-UG
"UK - Foreign, Commonwealth and Development Office [GB-GOV-1]",GB-CHC-229476-WISH2ACTION
"UK - Foreign, Commonwealth and Development Office [GB-GOV-1]",XM-DAC-47021-1394-DFID
"UK - Foreign, Commonwealth and Development Office [GB-GOV-1]",GB-CHC-1065972-DF092
"UK - Foreign, Commonwealth and Development Office [GB-GOV-1]",XM-DAC-45001-A854
"UK - Foreign, Commonwealth and Development Office [GB-GOV-1]",TZ-BRLA-36057-BRACEDImplementation
[GB-1],GB-CHC-1054369-INN-066
DFID [GB-1],GB-CHC-1054369-INN-066
"UK - Foreign, Commonwealth and Development Office [GB-GOV-1]",GB-CHC-1054369-INN-066
"UK - Foreign, Commonwealth and Development Office [GB-GOV-1]",GB-COH-1574821-FWC-005
DFID [GB1],GB-CHC-1125512-GPAF023
"UK - Foreign, Commonwealth and Development Office [GB-GOV-1]",GB-CHC-222655-LIGHT
DFID Funding [GB-1],GB-CHC-800672-livingearth12
DFID Funds [GB-1],GB-CHC-800672-livingearth12
DFID [GB-1],GB-CHC-1099776-J7
DFID [GB-1],GB-CHC-1099776-M7
DFID [GB-1],GB-CHC-1099776-R1
DFID [GB-1],GB-CHC-1099776-R4
"UK - Foreign, Commonwealth and Development Office [GB-GOV-1]",GB-CHC-1038785-UKAidDirectGrantRefZF92-GTXQ-DQ
"UK - Foreign, Commonwealth and Development Office [GB-GOV-1]",GB-CHC-282305-Networks_for_Peace_Africa
[GB-1],ZA-NPO-025-359-GPAF-IMP-057
Department for International Development [GB-1],ZA-NPO-025-359-GPAF-IMP-057
DfID,ZA-NPO-025-359-GPAF-IMP-057
DFID [GB-1],ZA-NPO-025-359-GPAF-IMP-057
DFID [GPAF-IMP-057],ZA-NPO-025-359-GPAF-IMP-057
"UK - Foreign, Commonwealth and Development Office [GB-GOV-1]",GB-CHC-1079358-AFR38
UK Department for International  Development [GB-1],GB-CHC-1079358-AFR33
UK Department For International Development [GB-1],GB-CHC-1079358-AFR33
UK Department For International Development [GB-1],GB-CHC-1079358-AFR38
"UK - Foreign, Commonwealth and Development Office [GB-GOV-1]",GB-COH-1110949-370841
"UK - Foreign, Commonwealth and Development Office [GB-GOV-1]",GB-COH-1102208-B012-E2599
"UK - Foreign, Commonwealth and Development Office [GB-GOV-1]",GB-COH-1102208-B012-E2744
"UK - Foreign, Commonwealth and Development Office [GB-GOV-1]",US-EIN-20-4451390-DFIDAG001
"UK - Foreign, Commonwealth and Development Office [GB-GOV-1]",NO-BRC-977538319_X9SM1513
"UK - Foreign, Commonwealth and Development Office [GB-GOV-1]",GB-CHC-228248-P0744
"UK - Foreign, Commonwealth and Development Office [GB-GOV-1]",GB-CHC-228248-R0500
Department for International Development [GB-1],GB-COH-02394229-UGTEC
DFID [GB-1],GB-COH-02394229-UGTEC
DFIDF [GB-1],GB-COH-02394229-UGTEC
[DFID Uganda],GB-CHC-1126550-PEAS-SESIL
DfID,GB-CHC-1126550-7374
DfID [7374],GB-CHC-1126550-7374
[GB-1],UG-NGB-63360-Reproductive health project
UK - Foreign & Commonwealth Office [GB-GOV-3],GB-COH-03580586-5000547333
"UK - Foreign, Commonwealth and Development Office [GB-GOV-1]",GB-COH-03580586-5000547333
"UK - Foreign, Commonwealth and Development Office [GB-GOV-1]",GB-COH-03580586-5000559298
"UK - Foreign, Commonwealth and Development Office [GB-GOV-1]",GB-COH-03580586-5000626293
"UK - Foreign, Commonwealth and Development Office [GB-GOV-1]",GB-COH-03580586-5000692439
Dance4Life; Comic Relief; DFID - International Citizenship Service [GB-1]; Uganda AIDS Commission; Rutgers; DFID - CSCF [GB-1]; UNFPA; Young Empowered and Healthy; DFID - Programme Partnership Agreement [GB-1]; Dulverton Trust; KPMG; Sperry Fund; Zing Foundation; Forward Foundation; Plan; Marie Stopes; Vitol; Amberstone Foundation; Irish Aid; USAID,GB-CHC-1127488-UG
"UK - Foreign, Commonwealth and Development Office [GB-GOV-1]",GB-CHC-1127488-UG
"UK - Foreign, Commonwealth and Development Office [GB-GOV-1]",GB-COH-213890-82604521
"UK - Foreign, Commonwealth and Development Office [GB-GOV-1]",IE-CHY-6663-UH5
[DFID],GB-CHC-299717-UG0001
DFID [GB-1],GB-CHC-299717-UG0001
DFID- Aid MAtch,GB-CHC-299717-UG0001
"UK - Foreign, Commonwealth and Development Office [GB-GOV-1]",GB-CHC-299717-UG0002
[GB-1],GB-CHC-1076497-UKAMEastAfricaEarlyIntervention
DFID [GB-1],GB-CHC-1076497-UKAMEastAfricaEarlyIntervention
"UK - Foreign, Commonwealth and Development Office [GB-GOV-1]",GB-CHC-207544-22032
"UK - Foreign, Commonwealth and Development Office [GB-GOV-1]",GB-CHC-207544-22036
"UK - Foreign, Commonwealth and Development Office [GB-GOV-1]",GB-CHC-207544-42UGD
"UK - Foreign, Commonwealth and Development Office [GB-GOV-1]",GB-CHC-207544-84004
"UK - Foreign, Commonwealth and Development Office [GB-GOV-1]",GB-CHC-207544-92007
[GB-1],GB-CHC-1151615-GPAF-INN-048-Ug
Arrears payment [DfID GB-1],GB-CHC-1151615-GPAF-INN-048-Ug
DFID [GB-1],GB-CHC-1151615-GPAF-INN-048-Ug
outhSouthNorth receives funds from FCDO (previously DfID) and is authorised to claim 18% of project funds per quarter on non-project-attributable costs (NPAC). [SouthSouthNorth - ZA-NPO-048-364],ZA-NPO-048-364-FCFA_AG_Programme
SouthSouthNorth receives funds from DfID and is authorised to claim 18% of project funds per quarter on non-project-attributable costs (NPAC) [SouthSouthNorth - ZA-NPO-048-364],ZA-NPO-048-364-FCFA_AG_Programme
SouthSouthNorth receives funds from DfID and is authorised to claim 18% of project funds per quarter on non-project-attributable costs (NPAC). [SouthSouthNorth - ZA-NPO-048-364],ZA-NPO-048-364-FCFA_AG_Programme
SouthSouthNorth receives funds from FCDO (previously DfID) and is authorised to claim 18% of project funds per quarter on non-project-attributable costs (NPAC). [SouthSouthNorth - ZA-NPO-048-364],ZA-NPO-048-364-FCFA_AG_Programme
"UK - Foreign, Commonwealth and Development Office [GB-GOV-1]",ZA-NPO-048-364-FCFA_AG_Programme
UK Department for International Development (DfID) provides funds for the FCFA Accountable Grant programme on a quarterly basis. [UK - Department for International Development (DFID) - GB-GOV-1],ZA-NPO-048-364-FCFA_AG_Programme
"UK Foreign, Commonwealth and Development Office (FCDO), previously the Department for International Development (DfID), provides funds for the FCFA Accountable Grant programme on a quarterly basis. [UK - Department for International Development (DFID) - GB-GOV-1 ]",ZA-NPO-048-364-FCFA_AG_Programme
[DFID],XI-IATI-5914-1107-SHONGLAP
[DFIDs],XI-IATI-5914-1107-SHONGLAP
"UK - Foreign, Commonwealth and Development Office [GB-GOV-1]",US-EIN-14-1945286-1
"UK - Foreign, Commonwealth and Development Office [GB-GOV-1]",CH-FDJP-CHE296622304-DFID-SEAOBS
"UK - Foreign, Commonwealth and Development Office [GB-GOV-1]",GB-COH-RC000797-GB-GOV-1-300180
Department for International Development (DFID),GB-CHC-1112842-GB-CHC-1112842-2
"UK - Foreign, Commonwealth and Development Office [GB-GOV-1]",GB-CHC-1113101-AG
DEPARTMENT FOR INT'L DEVELOPMENT (DFID),XI-IATI-UNPF-MPTF00068
"UK - Foreign, Commonwealth and Development Office [GB-GOV-1]",XI-IATI-UNPF-MPTF00006
"UK - Foreign, Commonwealth and Development Office [GB-GOV-1]",XI-IATI-UNPF-MPTF00068
"UK - Foreign, Commonwealth and Development Office [GB-GOV-1]",XI-IATI-UNPF-MPTF00083
United Kingdom [GB-1],XI-IATI-UNPF-XM-OCHA-CERF
"UNITED KINGDOM OF GREAT BRITAIN AND NORTHERN IRELAND, Government of [GB-1]",XI-IATI-UNPF-XM-OCHA-CERF
"UNITED KINGDOM, Government of [GB-1]",XI-IATI-UNPF-UNFPA0001
"UNITED KINGDOM, Government of [GB-1]",XI-IATI-UNPF-UNFPA0014
DEPARTMENT FOR INT'L DEVELOPMENT (DFID) [00551],XM-DAC-41146-UGA_D_1.3
DEPARTMENT FOR INT'L DEVELOPMENT (DFID) [00551],XM-DAC-41146-UGA_D_1.4
DEPARTMENT FOR INT'L DEVELOPMENT (DFID) [00551],XM-DAC-41146-UGA_D_1.5
British Government (DFID) ,XM-DAC-41122-Uganda-4380/A0/05/111/001
British Government (DFID) ,XM-DAC-41122-Uganda-4380/A0/05/111/002
British Government (DFID) ,XM-DAC-41122-Uganda-4380/A0/05/111/003
British Government (DFID) ,XM-DAC-41122-Uganda-4380/A0/05/111/004
British Government (DFID) ,XM-DAC-41122-Uganda-4380/A0/05/113/001
British Government (DFID) ,XM-DAC-41122-Uganda-4380/A0/05/113/002
British Government (DFID) ,XM-DAC-41122-Uganda-4380/A0/05/115/003
British Government (DFID) ,XM-DAC-41122-Uganda-4380/A0/05/880/003
British Government (DFID) ,XM-DAC-41122-Uganda-4380/A0/06/211/002
British Government (DFID) ,XM-DAC-41122-Uganda-4380/A0/06/211/004
British Government (DFID) ,XM-DAC-41122-Uganda-4380/A0/06/211/005
British Government (DFID) ,XM-DAC-41122-Uganda-4380/A0/06/213/001
British Government (DFID) ,XM-DAC-41122-Uganda-4380/A0/06/213/002
British Government (DFID) ,XM-DAC-41122-Uganda-4380/A0/06/213/003
British Government (DFID) ,XM-DAC-41122-Uganda-4380/A0/06/880/001
British Government (DFID) ,XM-DAC-41122-Uganda-4380/A0/06/880/003
British Government (DFID) ,XM-DAC-41122-Uganda-4380/A0/06/880/004
British Government (DFID) ,XM-DAC-41122-Uganda-4380/A0/06/880/006
British Government (DFID) ,XM-DAC-41122-Uganda-4380/A0/06/880/007
British Government (DFID) ,XM-DAC-41122-Uganda-4380/A0/06/880/008
"UK - Foreign, Commonwealth and Development Office [GB-GOV-1]",XM-DAC-41114-OUTPUT-00075753
"UK - Foreign, Commonwealth and Development Office [GB-GOV-1]",US-EIN-22-2852248-1
Department of International Development (DFID) [GB-1],GB-CHC-313757-DFI024
DFID [GB-1],GB-CHC-313757-DFI024
DFID [GB-GOV-1-300083],GB-CHC-313757-DFI024
UK - Department for International Development (DFID) GB-GOV-1 [GB-1],GB-CHC-313757-DFI024
"UK - Foreign, Commonwealth and Development Office [GB-GOV-1]",GB-CHC-313757-DFI024
"UK - Foreign, Commonwealth and Development Office [GB-GOV-1]",GB-CHC-313757-DFI032
[DFID],GB-COH-NI011322-GPAF-INN-057
DfID,GB-COH-NI011322-GPAF-INN-057
DFID [GB-1],GB-COH-NI011322-GPAF-INN-057
"Department for International Development (DFID), United Kingdom ",XM-DAC-928-UG-2016-17-01.003.AF01.UGA01
"Department for International Development (DFID), United Kingdom ",XM-DAC-928-UG-2016-17-04.001.AF01.UGA02
"Department for International Development (DFID), United Kingdom ",XM-DAC-928-UG-2016-17-05.005.AF01.UGA01
"Department for International Development (DFID), United Kingdom ",XM-DAC-928-UG-2016-17-12.002.AF01.UGA01
"Department for International Development (DFID), United Kingdom ",XM-DAC-928-UG-2016-17-12.002.AF01.UGA02
"Department for International Development (DFID), United Kingdom ",XM-DAC-928-UG-2016-17-12.003.AF01.UGA03
"Department for International Development (DFID), United Kingdom ",XM-DAC-928-UG-2016-17-12.004.AF01.UGA01
"Department for International Development (DFID), United Kingdom ",XM-DAC-928-UG-2016-17-12.005.AF01.UGA01
"Department for International Development (DFID), United Kingdom ",XM-DAC-928-UG-2016-17-12.005.AF01.UGA03
"Department for International Development (DFID), United Kingdom ",XM-DAC-928-UG-2018-19-01.001.AF01.UGA01
"Department for International Development (DFID), United Kingdom ",XM-DAC-928-UG-2018-19-01.003.AF01.UGA01
"Department for International Development (DFID), United Kingdom ",XM-DAC-928-UG-2018-19-01.003.AF01.UGA02
"Department for International Development (DFID), United Kingdom ",XM-DAC-928-UG-2018-19-04.001.AF01.UGA01
"Department for International Development (DFID), United Kingdom ",XM-DAC-928-UG-2018-19-04.001.AF01.UGA02
"Department for International Development (DFID), United Kingdom ",XM-DAC-928-UG-2018-19-04.004.AF01.UGA01
"Department for International Development (DFID), United Kingdom ",XM-DAC-928-UG-2018-19-10.001.AF01.UGA01
"Department for International Development (DFID), United Kingdom ",XM-DAC-928-UG-2018-19-12.001.AF01.UGA01
"Department for International Development (DFID), United Kingdom ",XM-DAC-928-UG-2018-19-12.002.AF01.UGA02
"Department for International Development (DFID), United Kingdom ",XM-DAC-928-UG-2018-19-12.002.AF01.UGA03
"Department for International Development (DFID), United Kingdom ",XM-DAC-928-UG-2018-19-12.003.AF01.UGA02
"Department for International Development (DFID), United Kingdom ",XM-DAC-928-UG-2018-19-12.005.AF01.UGA01
"Department for International Development (DFID), United Kingdom ",XM-DAC-928-UG-2020-21-01.002.AF01.UGA02
"Department for International Development (DFID), United Kingdom ",XM-DAC-928-UG-2020-21-02.002.AF01.UGA02
"Department for International Development (DFID), United Kingdom ",XM-DAC-928-UG-2020-21-10.001.AF01.UGA01
"Department for International Development (DFID), United Kingdom ",XM-DAC-928-UG-2020-21-13.003.AF01.UGA02
"UK - Foreign, Commonwealth and Development Office [GB-GOV-1]",XM-DAC-47008-10000412
UK Department For International Development [GB-1],NL-KVK-06702132-DEL049
